Satellite_Tag_Num,Project_Year,Project_Type,Project_Name,Location,Start_Transmission,End_Transmission,Data_Days,Seal_ID,NickName,Size,Sex,Other_tags,Handling,
16952_2,1990s,foraging,90s-NWHI-foraging-FP,FFS,10/12/96,11/17/96,36,UNK,,UNK,M,,,
16951_2,1990s,foraging,90s-NWHI-foraging-FP,FFS,10/11/96,02/24/97,136,Y125,,19,M,,,
16952,1990s,foraging,90s-NWHI-foraging-FP,FFS,05/08/96,05/15/96,7,Y300,,12,M,,,
16943_2,1990s,foraging,90s-NWHI-foraging-FP,FFS,10/14/96,01/14/97,91,Y315,,12,F,,,
16945,1990s,foraging,90s-NWHI-foraging-FP,FFS,04/30/96,07/29/96,90,Y341,,12,M,,,
16950_2,1990s,foraging,90s-NWHI-foraging-FP,FFS,10/15/96,01/03/97,80,Y343,,12,F,,,
16947_2,1990s,foraging,90s-NWHI-foraging-FP,FFS,03/25/97,04/25/97,31,Y362,,13,M,,,
16951,1990s,foraging,90s-NWHI-foraging-FP,FFS,04/29/96,07/26/96,88,Y395,,11,M,,,
16946_2,1990s,foraging,90s-NWHI-foraging-FP,FFS,10/08/96,11/19/96,42,Y413,,11,M,,,
16944,1990s,foraging,90s-NWHI-foraging-FP,FFS,05/01/96,08/01/96,92,Y427,,11,M,,,
1542,1990s,foraging,90s-NWHI-foraging-FP,FFS,10/19/96,02/28/97,132,Y432,,11,F,,,
16945_2,1990s,foraging,90s-NWHI-foraging-FP,FFS,10/12/96,10/15/96,3,Y475,,10,F,,,
16950,1990s,foraging,90s-NWHI-foraging-FP,FFS,04/29/96,08/04/96,97,Y485,,10,M,,,
3026,1990s,foraging,90s-NWHI-foraging-FP,FFS,03/14/97,03/20/97,6,Y515,,8,F,,,
16952_3,1990s,foraging,90s-NWHI-foraging-FP,FFS,03/21/97,05/09/97,49,Y597,,15,F,,,
3025,1990s,foraging,90s-NWHI-foraging-FP,FFS,03/09/97,05/06/97,58,Y600,,14,F,,,
16943_3,1990s,foraging,90s-NWHI-foraging-FP,FFS,03/22/97,03/29/97,7,Y654,,11,F,,,
16948,1990s,foraging,90s-NWHI-foraging-FP,FFS,05/10/96,08/01/96,84,YF39,,8,M,,,
16943,1990s,foraging,90s-NWHI-foraging-FP,FFS,05/03/96,07/31/96,89,YF78,,8,M,,,
5410,1990s,foraging,90s-NWHI-foraging-FP,FFS,03/11/97,03/21/97,10,YL00,,11,M,,,
16947,1990s,foraging,90s-NWHI-foraging-FP,FFS,05/05/96,09/06/96,124,YL02,,10,M,,,
16948_2,1990s,foraging,90s-NWHI-foraging-FP,FFS,10/14/96,11/10/96,27,YL51,,10,F,,,
16949_2,1990s,foraging,90s-NWHI-foraging-FP,FFS,03/15/97,03/23/97,8,YL71,,11,F,,,
16945_3,1990s,foraging,90s-NWHI-foraging-FP,FFS,03/19/97,06/30/97,103,YN56-97,,10,M,,,
16946,1990s,foraging,90s-NWHI-foraging-FP,FFS,05/10/96,08/03/96,84,YN65,,9,M,,,
16949,1990s,foraging,90s-NWHI-foraging-FP,FFS,05/13/96,09/01/96,111,YT36,,12,M,,,
16944_2,1990s,foraging,90s-NWHI-foraging-FP,FFS,10/10/96,12/11/96,61,YU77,,7,M,,,
24111,2000s,foraging,90s-00s-NWHI-movement-BS,Kure,10/30/01,09/04/02,309,K609,,A,M,,,
24110,2000s,foraging,90s-00s-NWHI-movement-BS,Kure,10/30/01,09/21/02,326,BK29,,A,M,,,
13058,2000s,foraging,90s-00s-NWHI-movement-BS,Kure,10/30/01,03/09/02,130,KM17,,W,F,,,
24098,2000s,foraging,90s-00s-NWHI-movement-BS,Kure,10/31/01,11/07/01,7,Kh27,,J,M,,,
24105,2000s,foraging,90s-00s-NWHI-movement-BS,Kure,10/31/01,07/07/02,249,K142,,A,F,,,
5414,2000s,foraging,90s-00s-NWHI-movement-BS,Kure,10/31/01,04/13/02,164,KD25,,J,F,,,
13035,2000s,foraging,90s-00s-NWHI-movement-BS,Kure,11/01/01,05/08/02,188,KX08,,A,F,,,
24100,2000s,foraging,90s-00s-NWHI-movement-BS,Kure,11/01/01,06/10/02,221,YL14,,A,F,,,
24101,2000s,foraging,90s-00s-NWHI-movement-BS,Kure,11/01/01,04/29/02,179,KD01,,J,M,,,
24099,2000s,foraging,90s-00s-NWHI-movement-BS,Kure,11/01/01,02/23/02,114,KM31,,W,F,,,
24113,2000s,foraging,90s-00s-NWHI-movement-BS,Kure,11/02/01,04/11/02,160,RM04,,W,M,,,
24108,2000s,foraging,90s-00s-NWHI-movement-BS,Kure,11/02/01,09/05/02,307,K608,,A,M,,,
24195,2000s,foraging,90s-00s-NWHI-movement-BS,Kure,11/02/01,04/06/02,154,KD31,,J,F,,,
24104,2000s,foraging,90s-00s-NWHI-movement-BS,Kure,11/03/01,07/18/02,256,KD11,,J,F,,,
24102,2000s,foraging,90s-00s-NWHI-movement-BS,Kure,11/03/01,06/05/02,214,KY28,,J,M,,,
24103,2000s,foraging,90s-00s-NWHI-movement-BS,Kure,11/04/01,02/15/02,103,K505,,A,F,,,
13047,2000s,foraging,90s-00s-NWHI-movement-BS,Kure,11/04/01,11/23/01,19,K616,,J,M,,,
24115,2000s,foraging,90s-00s-NWHI-movement-BS,Kure,11/04/01,11/13/01,9,KM29,,W,F,,,
24106,2000s,foraging,90s-00s-NWHI-movement-BS,Kure,11/04/01,09/08/02,307,KZ94,,A,M,,,
24114,2000s,foraging,90s-00s-NWHI-movement-BS,Kure,11/05/01,03/08/02,123,KY14,,J,M,,,
25781,2000s,foraging,90s-00s-NWHI-movement-BS,Kure,11/06/01,04/23/02,167,KY32,,J,F,,,
22813,2000s,foraging,90s-00s-NWHI-movement-BS,Kure,11/08/01,03/23/02,135,KM21,,W,F,,,
25780,2000s,foraging,90s-00s-NWHI-movement-BS,Kure,11/10/01,06/08/02,210,RD13,,J,M,,,
22812,2000s,foraging,90s-00s-NWHI-movement-BS,Kure,11/12/01,11/16/01,4,KH00,,J,M,,,
13050,2000s,foraging,90s-00s-NWHI-movement-BS,Laysan,10/05/01,10/12/01,7,TD82,,J,F,,,
13048,2000s,foraging,90s-00s-NWHI-movement-BS,Laysan,10/06/01,11/24/01,49,TM64,,W,F,,,
13051,2000s,foraging,90s-00s-NWHI-movement-BS,Laysan,10/06/01,05/06/02,212,TM28,,W,M,,,
13031,2000s,foraging,90s-00s-NWHI-movement-BS,Laysan,10/06/01,12/12/01,67,TC50,,A,M,,,
13049,2000s,foraging,90s-00s-NWHI-movement-BS,Laysan,10/06/01,01/07/02,93,TM62,,W,M,,,
13054,2000s,foraging,90s-00s-NWHI-movement-BS,Laysan,10/07/01,04/23/02,198,TM56,,W,F,,,
13039,2000s,foraging,90s-00s-NWHI-movement-BS,Laysan,10/07/01,07/30/02,296,TD90,,J,M,,,
13038,2000s,foraging,90s-00s-NWHI-movement-BS,Laysan,10/07/01,11/03/01,27,TD28,,J,M,,,
13033,2000s,foraging,90s-00s-NWHI-movement-BS,Laysan,10/08/01,09/01/02,328,TJ58,,A,M,,,
13052,2000s,foraging,90s-00s-NWHI-movement-BS,Laysan,10/08/01,04/16/02,190,TD64,,J,F,,,
13055,2000s,foraging,90s-00s-NWHI-movement-BS,Laysan,10/08/01,02/10/02,125,TD84,,J,M,,,
13059,2000s,foraging,90s-00s-NWHI-movement-BS,Laysan,10/08/01,04/12/02,186,TY65,,J,M,,,
13057,2000s,foraging,90s-00s-NWHI-movement-BS,Laysan,10/08/01,04/17/02,191,TM16,,W,M,,,
13034,2000s,foraging,90s-00s-NWHI-movement-BS,Laysan,10/09/01,07/13/02,277,TY78,,J,M,,,
13043,2000s,foraging,90s-00s-NWHI-movement-BS,Laysan,10/09/01,07/15/02,279,TD48,,J,F,,,
13041,2000s,foraging,90s-00s-NWHI-movement-BS,Laysan,10/09/01,07/12/02,276,T84F,,A,F,,,
13053,2000s,foraging,90s-00s-NWHI-movement-BS,Laysan,10/09/01,05/23/02,225,TM34,,W,F,,,
13056,2000s,foraging,90s-00s-NWHI-movement-BS,Laysan,10/09/01,06/09/02,243,TM20,,W,M,,,
13037,2000s,foraging,90s-00s-NWHI-movement-BS,Laysan,10/10/01,06/16/02,249,TJ70,,A,F,,,
5416,2000s,foraging,90s-00s-NWHI-movement-BS,Laysan,10/11/01,03/05/02,145,TD78,,J,F,,,
5421,2000s,foraging,90s-00s-NWHI-movement-BS,Laysan,10/11/01,10/21/01,11,TM22,,W,F,,,
13042,2000s,foraging,90s-00s-NWHI-movement-BS,Laysan,10/11/01,07/29/02,291,Y608,,A,F,,,
13040,2000s,foraging,90s-00s-NWHI-movement-BS,Laysan,10/11/01,02/17/02,129,TT26,,A,F,,,
5412,2000s,foraging,90s-00s-NWHI-movement-BS,Laysan,10/11/01,10/25/01,13,TM44,,W,F,,,
5422,2000s,foraging,90s-00s-NWHI-movement-BS,Laysan,10/11/01,01/25/02,106,TM24,,W,M,,,
24112,2000s,foraging,90s-00s-NWHI-movement-BS,Laysan,10/12/01,04/22/02,192,BF44,,A,F,,,
24107,2000s,foraging,90s-00s-NWHI-movement-BS,Laysan,10/13/01,05/27/02,226,TN40,,A,M,,,
13046,2000s,foraging,90s-00s-NWHI-movement-BS,Laysan,10/14/01,06/24/02,253,TD98,,J,F,,,
13044,2000s,foraging,90s-00s-NWHI-movement-BS,Laysan,10/15/01,08/28/02,318,TZ56,,A,M,,,
24109,2000s,foraging,90s-00s-NWHI-movement-BS,Laysan,10/17/01,01/18/02,93,TZ34,,A,M,,,
5411,2000s,foraging,90s-00s-NWHI-movement-BS,Lisianski,10/14/00,07/08/01,267,GL22,,A,M,,,
24099,2000s,foraging,90s-00s-NWHI-movement-BS,Lisianski,10/14/00,04/01/01,169,GZ10,,A,M,,,
24098,2000s,foraging,90s-00s-NWHI-movement-BS,Lisianski,10/14/00,11/01/00,18,GQ38,,J,M,,,
24109,2000s,foraging,90s-00s-NWHI-movement-BS,Lisianski,10/15/00,12/26/00,72,GH26,,W,F,,,
24103,2000s,foraging,90s-00s-NWHI-movement-BS,Lisianski,10/15/00,01/15/01,92,G3AO,,A,F,,,
5422,2000s,foraging,90s-00s-NWHI-movement-BS,Lisianski,10/15/00,03/15/01,151,TC74,,A,F,,,
24108,2000s,foraging,90s-00s-NWHI-movement-BS,Lisianski,10/16/00,12/06/00,51,GH00,,W,M,,,
5416,2000s,foraging,90s-00s-NWHI-movement-BS,Lisianski,10/16/00,05/03/01,199,G208,,A,M,,,
24110,2000s,foraging,90s-00s-NWHI-movement-BS,Lisianski,10/16/00,03/23/01,157,GH06,,W,F,,,
24112,2000s,foraging,90s-00s-NWHI-movement-BS,Lisianski,10/17/00,12/25/00,69,GD26,,J,M,,,
22813,2000s,foraging,90s-00s-NWHI-movement-BS,Lisianski,10/17/00,12/27/00,72,GD42,,J,M,,,
24101,2000s,foraging,90s-00s-NWHI-movement-BS,Lisianski,10/17/00,11/20/00,34,G178,,A,F,,,
24115,2000s,foraging,90s-00s-NWHI-movement-BS,Lisianski,10/17/00,03/26/01,160,TY12,,J,M,,,
5412,2000s,foraging,90s-00s-NWHI-movement-BS,Lisianski,10/17/00,11/04/00,18,GL34,,A,M,,,
5421,2000s,foraging,90s-00s-NWHI-movement-BS,Lisianski,10/18/00,04/04/01,168,GY08,,J,M,,,
24111,2000s,foraging,90s-00s-NWHI-movement-BS,Lisianski,10/18/00,02/10/01,115,GD32,,J,M,,,
24105,2000s,foraging,90s-00s-NWHI-movement-BS,Lisianski,10/19/00,03/04/01,136,G066,,A,F,,,
24106,2000s,foraging,90s-00s-NWHI-movement-BS,Lisianski,10/19/00,11/03/00,15,GD24,,J,M,,,
24104,2000s,foraging,90s-00s-NWHI-movement-BS,Lisianski,10/19/00,02/25/01,129,G5AM,,J,F,,,
25780,2000s,foraging,90s-00s-NWHI-movement-BS,Lisianski,10/19/00,02/22/01,126,GH18,,W,F,,,
25781,2000s,foraging,90s-00s-NWHI-movement-BS,Lisianski,10/20/00,02/02/01,105,GH30,,W,M,,,
24113,2000s,foraging,90s-00s-NWHI-movement-BS,Lisianski,10/20/00,12/03/00,44,GH04,,W,M,,,
24114,2000s,foraging,90s-00s-NWHI-movement-BS,Lisianski,10/20/00,10/22/00,1,GH11,,W,M,,,
24107,2000s,foraging,90s-00s-NWHI-movement-BS,Lisianski,10/21/00,03/22/01,153,GD37,,J,F,,,
22812,2000s,foraging,90s-00s-NWHI-movement-BS,Lisianski,10/21/00,12/10/00,50,GH22,,W,F,,,
5414,2000s,foraging,90s-00s-NWHI-movement-BS,Lisianski,10/24/00,06/19/01,238,GF02,,A,F,,,
24195,2000s,foraging,90s-00s-NWHI-movement-BS,Midway,12/31/00,04/21/01,111,RD24,,J,F,,,
24196,2000s,foraging,90s-00s-NWHI-movement-BS,Midway,12/31/00,05/15/01,135,RY14,,J,M,,,
24102,2000s,foraging,90s-00s-NWHI-movement-BS,Midway,12/31/00,04/14/01,104,RQ15,,J,F,,,
24100,2000s,foraging,90s-00s-NWHI-movement-BS,Midway,01/01/01,06/05/01,154,RQ02,,J,M,,,
24198,2000s,foraging,90s-00s-NWHI-movement-BS,Midway,01/01/01,03/14/01,72,RH10,,W,M,,,
13044,2000s,foraging,90s-00s-NWHI-movement-BS,Midway,01/02/01,01/29/01,27,RH26,,W,M,,,
13045,2000s,foraging,90s-00s-NWHI-movement-BS,Midway,01/02/01,05/05/01,123,RD20,,J,M,,,
5423,2000s,foraging,90s-00s-NWHI-movement-BS,Midway,01/02/01,07/22/01,201,RY00,,J,F,,,
5424,2000s,foraging,90s-00s-NWHI-movement-BS,Midway,01/03/01,08/31/01,241,BN44,,A,M,,,
13036,2000s,foraging,90s-00s-NWHI-movement-BS,Midway,01/03/01,09/21/01,261,B443,,A,M,,,
13030,2000s,foraging,90s-00s-NWHI-movement-BS,Midway,01/03/01,06/30/01,178,BK27,,A,F,,,
13047,2000s,foraging,90s-00s-NWHI-movement-BS,Midway,01/03/01,03/04/01,59,RH16,,W,F,,,
13035,2000s,foraging,90s-00s-NWHI-movement-BS,Midway,01/04/01,05/08/01,124,R101,,A,F,,,
13046,2000s,foraging,90s-00s-NWHI-movement-BS,Midway,01/04/01,04/02/01,88,RH04,,W,F,,,
13032,2000s,foraging,90s-00s-NWHI-movement-BS,Midway,01/06/01,06/08/01,153,RY04,,J,M,,,
24197,2000s,foraging,90s-00s-NWHI-movement-BS,Midway,02/07/01,04/25/01,78,RY18,,J,M,,,
24099,1990s,foraging,90s-00s-NWHI-movement-BS,PearlHermes,10/25/97,09/15/98,325,BF32,,A,M,,,
5414,1990s,foraging,90s-00s-NWHI-movement-BS,PearlHermes,10/26/97,02/05/98,102,BC31,,J,M,,,
24101,1990s,foraging,90s-00s-NWHI-movement-BS,PearlHermes,10/26/97,02/15/98,112,BN71,,A,M,,,
24098,1990s,foraging,90s-00s-NWHI-movement-BS,PearlHermes,10/26/97,10/28/97,2,B5AW,,A,M,,,
5421,1990s,foraging,90s-00s-NWHI-movement-BS,PearlHermes,10/26/97,01/06/98,71,BC51,,J,M,,,
24105,1990s,foraging,90s-00s-NWHI-movement-BS,PearlHermes,10/26/97,04/12/98,168,B5BA,,A,F,,,
5411,1990s,foraging,90s-00s-NWHI-movement-BS,PearlHermes,10/27/97,02/07/98,103,BC25,,J,M,,,
24110,1990s,foraging,90s-00s-NWHI-movement-BS,PearlHermes,10/27/97,07/26/98,272,B1AY,,A,F,,,
24107,1990s,foraging,90s-00s-NWHI-movement-BS,PearlHermes,10/27/97,02/11/98,107,BL34,,A,F,,,
5422,1990s,foraging,90s-00s-NWHI-movement-BS,PearlHermes,10/28/97,02/17/98,112,BC05,,J,F,,,
24112,1990s,foraging,90s-00s-NWHI-movement-BS,PearlHermes,10/28/97,06/24/98,239,B2AY,,A,F,,,
24115,1990s,foraging,90s-00s-NWHI-movement-BS,PearlHermes,10/28/97,02/11/98,106,BN48,,A,M,,,
5424,1990s,foraging,90s-00s-NWHI-movement-BS,PearlHermes,10/28/97,07/12/98,257,BA11,,A,M,,,
24113,1990s,foraging,90s-00s-NWHI-movement-BS,PearlHermes,10/28/97,10/04/98,341,B3AC,,A,M,,,
24103,1990s,foraging,90s-00s-NWHI-movement-BS,PearlHermes,10/29/97,05/12/98,196,B1AE,,A,M,,,
24108,1990s,foraging,90s-00s-NWHI-movement-BS,PearlHermes,10/30/97,12/02/97,33,BF24,,A,M,,,
5416,1990s,foraging,90s-00s-NWHI-movement-BS,PearlHermes,10/30/97,02/22/98,115,BP33,,J,M,,,
5423,1990s,foraging,90s-00s-NWHI-movement-BS,PearlHermes,10/30/97,07/21/98,263,B1AS,,A,F,,,
24104,1990s,foraging,90s-00s-NWHI-movement-BS,PearlHermes,10/31/97,02/17/98,109,BA19,,A,M,,,
24102,1990s,foraging,90s-00s-NWHI-movement-BS,PearlHermes,11/01/97,11/17/97,16,B2AG,,A,F,,,
24111,1990s,foraging,90s-00s-NWHI-movement-BS,PearlHermes,11/01/97,09/29/98,332,B6AA,,A,F,,,
24106,1990s,foraging,90s-00s-NWHI-movement-BS,PearlHermes,11/01/97,05/25/98,205,B6AE,,A,F,,,
5412,1990s,foraging,90s-00s-NWHI-movement-BS,PearlHermes,11/02/97,02/06/98,96,BC39,,J,M,,,
24100,1990s,foraging,90s-00s-NWHI-movement-BS,PearlHermes,11/04/97,05/11/98,188,BK07,,A,F,,,
,,,,,,,,,,,,,,
34150,2000s,foraging,2000s-foraging MC,MHI,04/13/04,07/21/04,99,RR64,,J2,M,,04/13/04,
34874,2000s,foraging,2000s-foraging MC,MHI,11/29/05,06/13/06,196,R6AH,,A,M,,11/29/05,
34875,2000s,foraging,2000s-foraging MC,MHI,06/09/04,08/22/04,74,RI15,,W,F,,06/09/04,
34877,2000s,foraging,2000s-foraging MC,MHI,04/12/04,07/09/04,88,R5AU,,A,F,"5AT, 5AU",04/12/04,
42675,2000s,foraging,2000s-foraging MC,MHI,01/28/04,07/29/04,183,RR70,,J2,M,,01/27/04,
42676,2000s,foraging,2000s-foraging MC,MHI,09/07/06,09/23/06,16,RO42,,W,F,"O42, O43",09/07/06,
42677,2000s,foraging,2000s-foraging MC,MHI,08/24/04,12/08/04,106,RI11,,W,M,,08/24/04,
42678,2000s,foraging,2000s-foraging MC,MHI,02/19/04,07/18/04,150,RM38,,S3,M,,02/19/04,
42680,2000s,foraging,2000s-foraging MC,MHI,02/17/04,07/03/04,137,TT40,,A,M,"1AI, 2AQ, 2AT",02/14/04,
42682,2000s,foraging,2000s-foraging MC,MHI,07/06/04,12/15/04,162,TT40,,A,M,,07/05/04,
42683,2000s,foraging,2000s-foraging MC,MHI,05/03/04,08/12/04,101,RK02,,S4,M,"5AE, 5AF",05/03/04,
42684,2000s,foraging,2000s-foraging MC,MHI,02/23/04,04/22/04,59,T34M,,A,M,"2AZ, 2AW",02/23/04,
42681,2000s,foraging,2000s-foraging MC,MHI,05/04/04,08/16/04,104,RK03,,A,M,"6AA, 6AB",05/04/04,
72624,2000s,foraging,2000s-foraging MC,MHI,03/23/04,03/31/04,8,RK02,,A,M,,10/03/07,
73297,2000s,foraging,2000s-foraging MC,MHI,10/02/07,03/11/08,161,RB00,,W,F,,10/02/07,
73361,2000s,foraging,2000s-foraging MC,MHI,08/21/07,10/11/07,51,RB02,,W,M,,08/21/07,
73362,2000s,foraging,2000s-foraging MC,MHI,08/22/07,10/25/07,64,RV11,,S3,F,,08/20/07,
73364,2000s,foraging,2000s-foraging MC,MHI,08/09/07,11/03/07,86,R6AJ,,A,F,"6AJ, 6AK",08/09/07,
73367,2000s,foraging,2000s-foraging MC,MHI,08/09/07,11/23/07,106,RR64,,A,M,2BA,08/09/07,
73370,2000s,foraging,2000s-foraging MC,MHI,08/10/07,10/20/07,71,RO36,,J2,M,,08/10/07,
79749,2000s,foraging,2000s-foraging MC,MHI,06/10/08,09/06/08,88,Unk,,J ,M,,2008,
79750,2000s,foraging,2000s-foraging MC,MHI,06/15/08,12/30/08,198,Unk,,A,F,,,
,,,,,,,,,,,,,,
11424,2010s,foraging,CellTags-KW,MHI-Kauai,01/22/14,03/14/14,51,RK05,,A,M,,,
11799,2010s,foraging,CellTags-KW,MHI-Kauai,07/15/13,10/30/13,107,RV18,,A,M,,,
12879,2010s,foraging,CellTags-KW,MHI-Mol,02/01/14,05/20/14,108,R1KK,,S4,M,,,
12880,2010s,foraging,CellTags-KW,MHI-Oahu,02/08/14,05/02/14,83,R012,,A,M,,,
12899,2010s,foraging,CellTags-KW,MHI-Mol,02/01/14,05/09/14,97,RE70,,A,M,,,
44068970,2010s,foraging,CellTags-KW,MHI-Mol,06/02/11,10/05/11,125,RB02,,S,M,,,
44073713,2010s,foraging,CellTags-KW,MHI-Kauai,02/18/11,06/12/11,114,R018,,A,M,,,
44110683,2010s,foraging,CellTags-KW,MHI-Mol,08/24/12,11/05/12,73,RB02,,A,M,,,
44286250,2010s,foraging,CellTags-KW,MHI-Oahu,07/15/11,12/13/11,151,T21M,,A,M,,,
44286312,2010s,foraging,CellTags-KW,MHI-Oahu,01/23/12,05/29/12,127,RA12,,S,M,,,
44286332,2010s,foraging,CellTags-KW,MHI-Kauai,07/14/11,10/06/11,84,RW02,,S,M,,,
44319373,2010s,foraging,CellTags-KW,MHI-Oahu,09/04/12,02/03/13,152,RS00,,A,F,,,
44397842,2010s,foraging,CellTags-KW,MHI-Kauai,06/09/10,12/08/10,182,R018,,A,M,,,
44421549,2010s,foraging,CellTags-KW,MHI-Mol,03/27/10,09/27/10,184,RI11,,A,M,,,
44421583,2010s,foraging,CellTags-KW,MHI-Oahu,03/01/10,08/21/10,173,R012,,A,M,,,
44421700,2010s,foraging,CellTags-KW,MHI-Mol,03/27/10,05/10/10,44,RE70,,A,M,,,
44421783,2010s,foraging,CellTags-KW,MHI-Oahu,06/29/10,08/31/10,63,RR70,,A,M,,,
44439737,2010s,foraging,CellTags-KW,MHI-Kauai,01/27/13,06/29/13,153,RW02,,A,M,,,
44439740,2010s,foraging,CellTags-KW,MHI-Kauai,05/22/12,10/11/12,142,RK36,,A,M,,,
44439742,2010s,foraging,CellTags-KW,MHI-Mol,02/14/13,03/12/13,26,R306,,A,M,,,
44520820,2010s,foraging,CellTags-KW,MHI-Oahu,07/09/10,11/26/10,140,R4DF,,S4,F,,,
44608660,2010s,foraging,CellTags-KW,MHI-Kauai,09/28/12,11/24/12,57,RV18,,A,M,,,
44608987,2010s,foraging,CellTags-KW,MHI-Mol,08/24/12,11/21/12,89,RM38,,A,M,,,
44608997,2010s,foraging,CellTags-KW,MHI-Kauai,06/15/11,10/31/11,138,RK36,,A,M,,,
44656862,2010s,foraging,CellTags-KW,MHI-Kauai,01/26/11,07/13/11,168,RB24,,S ,F,,,
44688749,2010s,foraging,CellTags-KW,MHI-Kauai,10/03/07,02/22/08,142,RK35,,A,F,,,
44926335,2010s,foraging,CellTags-KW,MHI-Kauai,02/09/10,02/24/10,15,RK36,,A,M,,,
95624,2010s,foraging,Argos-CellTags-KW,MHI-Oahu-Kauai,05/29/12,10/18/12,143,RK36,,A,M,CELL TAG 1222,05/19/12,
121013,2010s,foraging,Argos-CellTags-KW,MHI-Oahu,06/30/12,01/14/13,172,R5AY,,A,,,11/26/12,
121016,2010s,foraging,Argos-CellTags-KW,MHI-Kauai,01/25/13,06/24/13,151,RW02,,A,M,"WITH CELL TAG 12223, CCAM 5740, ACCEL, VHF",01/26/13,
121015,2010s,foraging,Argos-CellTags-KW,MHI-Mol,02/11/13,02/25/13,15,R306,,A,M,goes with cell tag 12192 - and Ccam,02/13/13,
74957,2010s,foraging,Argos-CellTags-KW,MHI-Mol,02/12/13,02/27/13,15,RA50,,S4,M,goes with cell tag 12168,02/12/13,
121020,2010s,foraging,Argos-CellTags-KW,MHI-Mol,02/14/13,02/22/13,8,RA08,,S4,M,goes with cell tag 11661,02/13/13,
131454,2010s,foraging,Argos-CellTags-KW,MHI-Mol,06/26/13,08/05/13,39,R307,,A,M,GOES WITH CELL TAG 11662,07/12/13,
131452,2010s,foraging,Argos-CellTags-KW,MHI-Mol,06/26/13,08/08/13,42,RW20,,A,M,GOES WITH CELL TAG 12199,07/10/13,
131455,2010s,foraging,Argos-CellTags-KW,MHI-Oahu,06/26/13,08/29/13,63,RV18,,A,M,GOES WITH CELL TAG 11799,07/15/13,
131455,2010s,foraging,Argos-CellTags-KW,MHI-Oahu,01/24/14,10/12/14,261,RV08,,A,M,ALSO CCAM AND CELL TAG 12753,10/10/14,
,,,,,,,,,,,,,,
79745,2008,translocation,2008-09-translocation TN,Nihoa,09/11/08,10/29/08,47,R2BK,,A,M,,,
79754,2008,translocation,2008-09-translocation TN,Nihoa,06/09/08,12/12/08,186,R2BU,,A,M,,,
79768,2008,translocation,2008-09-translocation TN,Nihoa,09/11/08,12/30/09,110,R2BW,,A,F,,,
79739,2008,translocation,2008-09-translocation TN,Nihoa,02/21/08,12/11/08,293,R2BY,,A,M,,,
96760,2008,translocation,2008-09-translocation TN,Nihoa,07/30/09,12/31/09,154,R5EE,,A,F,,,
96761,2008,translocation,2008-09-translocation TN,Nihoa,07/30/09,12/16/09,139,R5EG,,A,F,,,
96762,2008,translocation,2008-09-translocation TN,Nihoa,07/30/09,11/26/09,120,R5EI,,A,M,,,
96765,2008,translocation,2008-09-translocation TN,Nihoa,07/31/09,10/22/09,82,R5EM,,A,M,,,
96763,2008,translocation,2008-09-translocation TN,Nihoa,07/31/09,11/11/09,103,R5EP,,A,F,,,
96757,2008,translocation,2008-09-translocation TN,Nihoa,07/30/09,11/05/09,98,RA50,,W,M,,,
96759,2008,translocation,2008-09-translocation TN,Nihoa,07/30/09,12/26/09,149,RA52,,W,M,,,
96758,2008,translocation,2008-09-translocation TN,Nihoa,07/30/09,12/31/09,154,RA54,,W,M,,,
96764,2008,translocation,2008-09-translocation TN,Nihoa,08/21/09,09/29/09,40,RA58,,W,M,,,
79748,2008,translocation,2008-09-translocation TN,Nihoa,09/10/08,04/03/09,111,RW62,,W,F,,,
79747,2008,translocation,2008-09-translocation TN,Nihoa,09/11/08,03/12/09,110,RW64,,W,M,,,
79751,2008,translocation,2008-09-translocation TN,Nihoa,09/11/08,10/14/08,34,RW66,,W,F,,,
79733,2008,translocation,2008-09-translocation TN,Nihoa,02/21/08,05/31/09,313,RW68,,W,M,,,
96751,2008,translocation,2008-09-translocation TN,Nihoa,07/30/09,12/31/09,154,YA08,,W,F,,,
96753,2008,translocation,2008-09-translocation TN,Nihoa,07/30/09,12/31/09,155,YA10,,W,M,,,
96755,2008,translocation,2008-09-translocation TN,Nihoa,07/30/09,12/14/09,137,YA20,,W,M,,,
96756,2008,translocation,2008-09-translocation TN,Nihoa,07/30/09,09/07/09,40,YA22,,W,F,,,
96752,2008,translocation,2008-09-translocation TN,Nihoa,07/30/09,12/30/09,154,YA26,,W,F,,,
96754,2008,translocation,2008-09-translocation TN,Nihoa,07/30/09,12/31/09,154,YA42,,W,M,,,
79767,2008,translocation,2008-09-translocation TN,Nihoa,08/29/08,04/28/09,124,YW07,,W,F,,,
79769,2008,translocation,2008-09-translocation TN,Nihoa,08/30/08,11/16/08,79,YW11,,W,F,,,
79753,2008,translocation,2008-09-translocation TN,Nihoa,08/30/08,02/21/09,123,YW19,,W,M,,,
79752,2008,translocation,2008-09-translocation TN,Nihoa,01/01/08,12/30/08,728,YW24,,W,F,,,
79744,2008,translocation,2008-09-translocation TN,Nihoa,08/28/08,09/06/08,9,YW27,,W,M,,,
79743,2008,translocation,2008-09-translocation TN,Nihoa,02/21/08,10/30/08,251,YW29,,W,F,,,
79732,2008,translocation control ?,2008-09-translocation TN-control??,LIS,02/22/08,12/21/09,310,GB00,,J1,M,,03/04/08,
79730,2008,translocation control ?,2008-09-translocation TN-control??,LIS,02/21/08,04/04/08,44,GB14,,J1,M,,03/08/08,
79742,2008,translocation control ?,2008-09-translocation TN-control??,LIS,02/21/08,12/30/09,312,GB34,,J1,F,,03/08/08,
79740,2008,translocation control ?,2008-09-translocation TN-control??,LIS,02/22/08,04/04/09,312,GO20,,J1,F,,03/05/08,
79739,2008,translocation control ?,2008-09-translocation TN-control??,,?,?,0?,GO28,,J2,F,,03/06/08,
79737,2008,translocation control ?,2008-09-translocation TN-control??,LIS,02/21/08,05/05/08,74,GO36,,J1,F,,03/03/08,
79734,2008,translocation control ?,2008-09-translocation TN-control??,LIS,02/22/08,10/12/08,232,GO38,,J1,F,,03/07/08,
79729,2008,translocation control ?,2008-09-translocation TN-control??,LIS,02/21/08,03/24/08,32,GO40,,J1,F,,03/03/08,
79731,2008,translocation control ?,2008-09-translocation TN-control??,LIS,02/21/08,12/29/09,311,GO80,,J1,M,,03/06/08,
79738,2008,translocation control ?,2008-09-translocation TN-control??,LIS,03/04/08,04/03/08,29,GV08,,S3,F,,03/04/08,
79741,2008,translocation control ?,2008-09-translocation TN-control??,LIS,02/22/08,06/20/08,118,GV16,,S3,M,,03/05/08,
79735,2008,translocation control ?,2008-09-translocation TN-control??,LIS,02/21/08,09/12/08,204,GV18,,J2,F,,03/07/08,
79736,2008,translocation control ?,2008-09-translocation TN-control??,LIS,02/22/08,11/05/09,310,GV38,,S3,M,,03/05/08,
79746,2008,translocation control ?,2008-09-translocation TN-control??,LIS,02/21/08,08/22/08,182,GV40,,S3,F,,03/05/08,
79770,2008,translocation control ?,2008-09-translocation TN-control??,LIS,02/21/08,07/19/08,149,TO08,,J2,M,,03/08/08,
,,,,,,,,,,,,,,
131444,2013,translocation,Trans-Surv-Enhance,LAY,01/02/13,12/02/13,334,one of 6,,W,F,,,
131447,2013,translocation,Trans-Surv-Enhance,LAY,06/26/13,11/15/13,142,one of 6,,W,F,,,
131448,2013,translocation,Trans-Surv-Enhance,LAY,06/26/13,12/03/13,160,one of 6,,W,F,,,
131449,2013,translocation,Trans-Surv-Enhance,LAY,06/26/13,12/02/13,159,one of 6,,W,F,,,
121018,2013,translocation,Trans-Surv-Enhance,LAY,09/13/13,12/02/13,81,one of 6,,W,F,,,
121017,2013,translocation,Trans-Surv-Enhance,LAY,09/14/13,12/02/13,80,one of 6,,W,F,,,
one of 6,2013,translocation,Trans-Surv-Enhance,,,,,Y98N,,W,F,,,
one of 6,2013,translocation,Trans-Surv-Enhance,,,,,Y94N,,W,F,,,
one of 6,2013,translocation,Trans-Surv-Enhance,,,,,Y16N,,W,F,,,
one of 6,2013,translocation,Trans-Surv-Enhance,,,,,Y14N,,W,F,,,
one of 6,2013,translocation,Trans-Surv-Enhance,,,,,Y10N,,W,F,,,
one of 6,2013,translocation,Trans-Surv-Enhance,,,,,Y04N,,W,F,,,
,,,,,,,,,,,,,,
131445,2014,translocation,2014-tranloc,LAY,09/05/14,09/20/15,381,TF71,,W,F,,09/05/14,
141600,2014,translocation,2014-tranloc,LAY,09/05/14,01/27/15,144,Y12F,,W,F,,09/05/14,
141601,2014,translocation,2014-tranloc,LAY,09/05/14,01/22/15,140,Y26F,,W,F,,09/05/14,
141602,2014,translocation,2014-tranloc,LAY,09/05/14,01/09/15,126,Y72F,,W,F,,09/05/14,
141603,2014,translocation,2014-tranloc,LAY,09/05/14,01/13/15,131,Y74F,,W,F,,09/05/14,
141604,2014,translocation,2014-tranloc,LAY,09/05/14,01/04/15,121,Y20F,,W,F,,09/05/14,
141605,2014,translocation,2014-tranloc,LAY,09/05/14,01/19/15,136,Y16F,,W,F,,09/05/14,
141606,2014,translocation,2014-tranloc,LAY,09/05/14,01/17/15,134,Y50F,,W,F,,09/05/14,
141587,2014,translocation,2014-tranloc,LIS,09/11/14,04/21/15,222,PF02,,W,F,,09/11/14,
141590,2014,translocation,2014-tranloc,LIS,09/11/14,03/28/15,198,PF00,,W,F,,09/11/14,
141613,2014,translocation,2014-tranloc,LIS,09/11/14,10/25/14,44,KF18,,W,F,,09/11/14,
141614,2014,translocation,2014-tranloc,LIS,09/11/14,01/06/15,118,KF20,,W,F,,09/11/14,
141610,2014,translocation control,2014-tranloc,LAY,09/05/14,01/21/15,138,TF89,,W,F,,09/05/14,
141611,2014,translocation control,2014-tranloc,LAY,09/05/14,01/18/15,135,TF29,,W,F,,09/05/14,
141612,2014,translocation control,2014-tranloc,LAY,09/05/14,01/07/15,124,TL91,,J2,F,,09/05/14,
141588,2014,translocation control,2014-tranloc,MDY,09/09/14,04/03/15,206,PF12,,W,F,,09/09/14,
141589,2014,translocation control,2014-tranloc,MDY,09/09/14,03/21/15,193,PF16,,W,M,,09/09/14,
141591,2014,translocation control,2014-tranloc,LIS,09/11/14,02/08/15,150,GF23,,W,F,,09/11/14,
141592,2014,translocation control,2014-tranloc,LIS,09/11/14,10/06/14,25,GF78,,W,F,,09/11/14,
,,,,,,,,,,,,,,
73368,2000s,rehab,MDY 2nd Chance,MDY + Oahu,12/12/06,07/03/07,204,PO12,,J1,M,,03/27/07,
73298,2000s,rehab,MDY 2nd Chance,MDY + Oahu,12/13/06,03/31/07,109,PO42,,J1,F,VHF 164.282,03/20/07,
73363,2000s,rehab,MDY 2nd Chance,MDY + Oahu,12/19/06,08/11/08,374,PO26,,J1,F,VHF 164.042,03/18/07,
73365,2000s,rehab,MDY 2nd Chance,MDY + Oahu,12/19/06,01/27/08,372,KO76,,J1,F,,03/28/07,
72623,2000s,rehab,MDY 2nd Chance,MDY + Oahu,03/12/07,08/19/07,160,PO22,,J1,F,VHF 164.141,03/18/07,
72622,2000s,rehab,MDY 2nd Chance,MDY + Oahu,03/12/07,03/31/07,19,PO48,,J1,F,VHF 164.484,03/20/07,
72621,2000s,rehab,MDY 2nd Chance,MDY + Oahu,03/12/07,03/31/07,19,PO40,,J1,F,VHF 164.402,03/20/07,
72624,2000s,rehab,MDY 2nd Chance,MDY + Oahu,03/12/07,01/25/08,293,PO20,,J1,M,,03/22/07,
74961,2000s,rehab,MDY 2nd Chance,MDY + Oahu,03/12/07,03/30/07,18,PO46,,J1,F,VHF 164.503,03/18/07,
,,,,,,,,,,,,,,
141599,2014,rehab,KKOrehab,FFS,09/03/14,09/19/14,16,Y5PP,,J2,F,,09/03/14,
141607,2014,rehab,KKOrehab,LAY,09/05/14,01/11/15,128,BF02,,W,M,,09/05/14,
141608,2014,rehab,KKOrehab,LAY,09/05/14,01/24/15,141,BF00,,W,F,,09/05/14,
141609,2014,rehab,KKOrehab,LAY,09/05/14,01/09/15,126,PN10,,J1,F,,09/05/14,
141593,2015,rehab,KKOrehab,KUR,03/20/15,06/06/15,78,TF90,Pua,W,F,,,
141598,2015,rehab,KKOrehab,LAY,03/20/15,05/24/15,65,KF04,Mele,W,F,,,
141595,2015,rehab,KKOrehab,PHR,09/16/15,11/15/15,59,DG02,Pearl,,,,,
141596,2015,rehab,KKOrehab,PHR,09/17/15,11/25/15,68,DG10,Hermes,,,,,
141597,2016,rehab,KKOrehab,LIS,04/24/16,06/29/16,66,LG36,Puka,,,,,
141616,2016,rehab,KKOrehab,LAY,04/15/16,08/07/16,112,NG99,Kilo,,,,,
152907,2016,rehab,KKOrehab,FFS,04/16/16,08/07/16,113,Y70F,Mo'o,,,,,
152908,2016,rehab,KKOrehab,FFS,04/16/16,05/04/16,18,AG18,Ama'ama,,,,,
152909,2016,rehab,KKOrehab,FFS,04/16/16,09/23/16,158,AG34,Mahina,,,,,
152913,2016,rehab,KKOrehab,KUR,04/23/16,07/10/16,77,KG56,Ena'ena,,,,,
152914,2016,rehab,KKOrehab,LIS,04/01/16,05/25/16,37,LG06,Neva,,,,,
,,,,,,,,,,,,,,
131454,2015,CritterCam,critter cam with Med Monk Seal team,MHI-Mol,04/12/15,04/24/15,10,,,,,,,
,,,,,,,,,,,,,,
121015,2010s,opportunistic,MOM TAGGED AFTER PUP DEATH IN DOG ATTACK,MHI-Kauai,07/29/14,08/21/14,24,RK28,,A,F,,07/29/14,
86309,2000s,opportunistic,opportunistic after dehooking,MHI-Big,07/01/09,07/31/09,31,RW34,,J,F,,06/23/09,
121016,2010s,opportunistic,opportunistic after dehooking,MHI-Kauai,01/25/13,06/24/13,151,RT12,,J2,M,,02/05/13,
141594,2010s,opportunistic,thin Kauai seal instrumented after exam,MHI-Kauai,03/05/15,04/14/15,39,R6AP,,,,,,
,,,,,,,,,,,,,,
74958,2000s,problem seals,transloc problem seal,MHI-Mol,08/27/08,12/27/08,123,RO42,,S3,F,,08/26/08,
83833,2000s,problem seals,transloc problem seal,NIH,02/23/09,04/05/09,40,RO42,,S4,F,,02/24/09,"other tags 2006, 2007, 2008, moved amongst main islands - now to NIH"
131453,2010s,problem seals,transloc problem seal,MHI-Kauai,06/26/13,12/02/13,158,RN02,,W,M,,10/11/13,
131446,2010s,problem seals,transloc problem seal,MHI-LAY,06/28/14,08/12/14,45,RL06,,J2,F,,06/28/14,
